name;category;description
Lua Nova Hotel;hotel;Situado a 250 m pela saída lateral do Terminal Rodoviário Tietê/Metro Portuguesa-Tietê,. A 5min.de carro do Anhembi Centro de exposições, 10min de caminhada do Expo Center Norte, 3min. de caminhada do Shopping Center Norte, O Aeroporto Internacional de Guarulhos fica a 22,7 km de distância aprox. 25/30min. de carro. Os quartos claros são decorados em tons agradáveis, todos os quartos do Hotel Lua Nova possuem TV e roupa de cama, banheiro privativo, Wifi e café da manhã gratuito.   
Glória Plaza Hotel;hotel;Um hotel romântico somente para adultos (Adults Only), com decoração moderna e temática oriental, atendendo ao gosto dos clientes mais exigentes. Localizado no bairro da Liberdade, a 200 metros da estação do metrô, no coração da cidade de São Paulo, o Glória Plaza Hotel conta com seis categorias de suítes. Destaque para Suíte Hidro Master equipada com ar-condicionado split, cama super king size, banheira de hidromassagem dupla, iluminação especial, wi-fi, sistema de som bluetooth e TV LCD 49".
San Juan Business São Paulo;hotel;Não se pode perder tempo em uma grande cidade como São Paulo. É por isso que a rede San Juan oferece uma unidade com localização privilegiada e diversas facilidades, para que seus hóspedes possam aproveitar tudo que a capital tem a oferecer. Localizado e
Paraíso Suites by Charlie;flat/apart hotel;Com uma localização atraente no bairro de Vila Mariana, em São Paulo, o Paulista Suites by Charlie fica a 1,8 km do Pavilhão Ciccillo Matarazzo, a 2,2 km do Parque do Ibirapuera e a 2,3 km do MASP São Paulo. A propriedade oferece recepção 24 horas, lounge compartilhado e Wi-Fi gratuito em todas as áreas. O hotel dispõe de quartos família. Os quartos dispõem de ar-condicionado, área de estar, TV de tela plana a cabo, cofre e banheiro privativo com chuveiro. O Paulista Suites by Charlie dispõe de alguns quartos com vista da cidade, e todos os quartos têm uma chaleira. As acomodações incluem roupa de cama e toalhas. No Paulista Suites by Charlie, você pode desfrutar de um café da manhã à la carte. Um business center está à sua disposição no hotel. O Paulista Suites by Charlie fica a 2,9 km da Catedral Metropolitana de São Paulo e a 3,4 km do Edifício Copan. O aeroporto mais próximo é o Aeroporto de Congonhas&#47;São Paulo, a 6 km da acomodação.
Charlie Ibirapuera Hotel;hotel;O Charlie Sabiá Flat  possui apartamentos novos e incríveis prontos para morar ao lado da Avenida Ibirapuera e estação Moema do metrô(linha Lilás), pertinho da Avenida Indianópolis, Shopping Ibirapuera e fácil acesso a Avenida Hélio Pelegrino e a 10 minutos do Aeroporto de Congonhas. Conheça o Charlie Sabiá Flat, aptos Studio mobiliados, com cozinha equipada, fast Wi-fi, cama e enxoval padrão de hotel, amenities exclusivos e serviços sob demanda. O Charlie está onde você precisa!
Hotel Laghetto Stilo São Paulo;hotel;O Laghetto Stilo São Paulo traz a essência da paixão em servir à capital Paulista, localizado em uma das regiões mais nobres da cidade, ele fica próximo ao Parque do Ibirapuera, Avenida Paulista e do Bairro Liberdade. Sendo o primeiro Hotel da Rede em São Paulo, o mesmo possui  piscina, fitness center, centro de eventos, elevadores panorâmicos, Internet Wi-fi grátis e estacionamento privativo. O hotel conta com restaurante próprio da marca Laghetto. Seu cãozinho e gatinho de pequeno e médio porte, são bem-vindos em nosso hotel. Consulte o valor adicional. Estacionamento R$ 40,00/dia.    **Academia em reforma de 11/04 a 10/05.** **Piscina em manutenção por tempo indeterminado** **Reservas em regime de Soft Opening já disponíveis.**
Transamerica Executive Bela Cintra;hotel;Localizado a apenas 1 quadra da Av. Paulista e próximo a estação Consolação do metrô.
Transamerica Executive Faria Lima;hotel;A uma quadra da Avenida Faria Lima, a unidade está no famoso bairro consagrado pelas inúmeras opções de gastronomia e entretenimento, o Itaim Bibi.
Ibis São Paulo Interlagos;hotel;"O Hotel ibis São Paulo Interlagos tem uma excelente localização, situado na avenida Interlagos, perto do Autódromo de Interlagos, onde você pode participar de shows e festivais de música, além de assistir corridas. O hotel oferece todos os benefícios que você deseja em sua viagem: preço acessível, qualidade no atendimento e quartos modernos e confortáveis, equipados com Wi-fi grátis, ar condicionado e TV a cabo. Além disso, o restaurante oferece um delicioso café da manhã para você começar bem o dia.  O Hotel ibis São Paulo Interlagos esta localizado em frente ao Shopping Interlagos, importante centro comercial da região. Nossos hóspedes ainda contam com a praticidade de ter fácil acesso ao Aeroporto de Congonhas, localizado a apenas 6 km do hotel. Entre os pontos turísticos mais próximos ao Hotel ibis São Paulo Interlagos estão o Parque da Mônica localizado no Shopping Market Place e o Santuário Mãe de Deus com missas celebradas pelo padre Macelo Rossi.Acolhedor, moderno e confortável, com uma cama aconchegante e um banheiro funcional. O quarto tem tudo para o agradar."						 						 
Novotel São Paulo Berrini;hotel;O Novotel São Paulo Berrini agrada tanto viajantes a negócios, quanto viajantes a lazer. Localizado no principal centro financeiro de São Paulo e a 3 km da Avenida Berrini, o hotel também está próximo ao Transamérica Expo Center e ao São Paulo Expo, e a apenas 200 metros do Consulado Americano, caso você queira tirar o visto americano. Mas, se você busca lazer, o hotel fica a 800 metros do Shopping Morumbi e perto do Parque da Mônica, do Estádio Morumbi e de uma variedade de bares, restaurantes, teatros e museus. A apenas 5 km do Aeroporto de Congonhas, você chega no Novotel São Paulo Berrini e pode aproveitar nossos serviços primorosos e estruturas modernas. O hotel possui academia, sauna, 5 salas de eventos, espaço family e o Gourmet Bar, onde você pode saborear o melhor da gastronomia internacional e contemporânea, além de experimentar drinks exclusivos. Após um dia proveitoso, descanse em quartos com WiFi grátis, ar-condicionado, TV tela plana, banheiro privativo e mais comodidades para uma ótima hospedagem. Também há acomodações especiais para famílias e para quem possui mobilidade reduzida. Traga seu cãozinho com você, se ele tem até 10 kg. Somos um hotel pet friendly!  AVISO TEMPORARIO  O restaurante está servindo apenas café da manhã e estará fechado para almoço, jantar e serviço de quarto em abril de 2021
Bela Cintra Flat Service ;flat/apart hotel;Você se qualifica para um desconto Genius em Bela Cintra Flat Service próximo aos principais pontos de turismo de São Paulo! Para economizar nesta acomodação, basta fazer o login.O Bela Cintra Flat Service próximo aos principais pontos de turismo de São Paulo oferece acomodações em São Paulo. O Shopping Center 3 fica a 500 metros da propriedade. O Wi-Fi gratuito está disponível em toda a propriedade.A acomodação dispõe de TV. Há também uma cozinha compacta com micro-ondas. Para sua comodidade, a roupa de cama é fornecida.O Bela Cintra Flat Service próximo aos principais pontos de turismo de São Paulo fica a 600 metros do Shopping Frei Caneca e do Hospital Sírio Libanês. O aeroporto mais próximo é o Aeroporto de São Paulo/Congonhas, a 8 km da propriedade. O estacionamento privativo gratuito também está disponível neste apart-hotel.
Ibis Styles São Paulo Anhembi ;hotel;Embarque, literalmente, em uma experiência diferenciada, confortável e com ótima relação custo-benefício no ibis Styles Anhembi, em São Paulo. Com design moderno e decoração inspirada no tema aviação, o hotel oferece quartos com camas sweet bed, Wi-Fi grátis e um delicioso café da manhã servido diariamente. E além disso, também conta com espaço kids, restaurante e bar 14 IBIS, estacionamento, quartos para famílias e quartos para pessoas com mobilidade reduzida. Pronto para decolar? Quem visita São Paulo a negócios pode contar com a facilidade de se hospedar perto de dois grandes centros de convenções: o Expo Center Norte, a 3,6 km, e o Centro de Convenções do Parque Anhembi, a 1,2 km, além da comodidade de estar ao lado do metrô. Já quem curte turismo, pode visitar pontos turísticos como a Pinacoteca, a 3 km, o Museu da Língua Portuguesa, a 3,3 km, e o Pátio do Colégio, a 4,5 km. Se quiser aproveitar e fazer compras, o Brás e a 25 de Março estão a uma curta distância do hotel.
Samba Belo Horizonte Vintage;hotel;Situado próximo a principal avenida do Centro de Belo Horizonte, o hotel Samba BH Vintage, será inaugurado em dezembro de 2022. Trazendo à tona os ares clássicos da década de 80, totalmente reformado porem mantendo detalhes originais da construção, tornam o empreendimento um novo clássico na região. Uma curiosidade interessante é a existência de um museu com pedaços da história tanto do edifício quanto de seu fundador, Joel Augusto de Almeida, como máquina de escrever, murais pintados por artistas que residiram no local, enfeites e mais. O empreendimento se adequa tanto a demanda corporativa, eventos e até mesmo lazer pois o Samba BH Vintage está situado próximo aos principais centros de convenções, pólo da moda de BH no Barro Preto além de ser estratégico para turistas que buscam a praticidade de logística de acesso aos pontos clássicos da cidade como o parque municipal, shopping, rodoviária, feira de Artesanato e outros.
Beaga Convention Expominas by MHB;não classificado;PONTOS DE INTERESSE PRÓXIMOS Aeroporto CONFINS: 43 Km Aeroporto PAMPULHA: 13 km UFMG: 8 KM PUC – MG: 3,6 km Mineirão / Mineirinho: 10,3 km Feira Hippie: 5.7 km Centro de Exposição: 1,5 km Minascentro: 4 km Mercado Central: 4,2 km Rodoviária: 5,6
Transamerica Executive Belo Horizonte;hotel;O Go Inn Belo Horizonte localiza-se em uma área de grande concentração de empresas e industrias na cidade, ao lado do Shopping DelRey, um dos mais tradicionais centros de compras de Belo Horizonte. O Shopping Del Rey conta com mais de 180 lojas, cinema c
San Diego Suítes Pampulha- Hotel;hotel; O San Diego Suites Pampulha está localizado na região da Pampulha, em Belo Horizonte, o hotel oferece 90 apartamentos confortáveis e decorados com muito bom gosto, com toda a acessibilidade para PNE Todos os apartamentos oferecem mesa de trabalho, TV LED, internet Wi-Fi cortesia, ar condicionado, adega e secador de cabelo. A Gastronomia do hotel é assinada pelo Restaurante Saatore, que oferece culinária de alto padrão com room service, café da manhã, almoço e jantar. Para os momentos de lazer dispõe de piscina. O Hotel aceita cães de pequeno porte até 15kg com custo adicional e mediante apresentação do cartão de vacinação original.
Flat Califórnia;flat/apart hotel;Nosso hotel está localizado no Bairro Sion, um charmoso ponto da Região Centro-sul da Capital Mineira. 
Max Savassi Apart Service;não classificado;Localizado em um quarteirão tranqüilo, e em um dos pontos mais nobre de Belo Horizonte, o Max Savassi Apart Service oferece a quem nele se hospeda, serviço de categoria que garantem conforto e comodidade. Com suas 123 suítes todas com tv a cabo, ar condicionado, frigobar.
Cheverny Apart Hotel;hotel;Cheverny Apart Hotel, LOCALIZADO em área nobre de Belo Horizonte, no bairro de Lourdes, proximo a Praça da Liberdade e ao Centro Comercial da Cidade. SEJA um lazer UO Negócio, o Cheverny Apart Hotel proporciona AOS SEUS Hóspedes Conforto e atendimento Pe
Mercure Belo Horizonte Savassi Hotel;hotel;O Hotel Mercure BH Savassi está localizado na rua Cícero Ferreira, esquina com a Avenida do Contorno. O hotel está dentro do Complexo Lifecenter, um dos mais importantes centros clínicos da cidade, e a 5 minutos da famosa região da Savassi, onde estão os melhores bares e restaurantes da cidade. O hotel está próximo à famosa Praça Floriano Peixoto e tem fácil acesso às principais áreas empresariais da cidade. O hotel fica a cerca e a 45 km do Aeroporto de Confins.
POUSADA TURMALINA;pousada;Pousada aconchegante e familiar localizada em Belo Horizonte, próxima à rodoviária e shoppings
Pousada Cantim de BH ;pousada;Os quartos possuem decoração simples e moderna, vista do jardim, TV, frigobar, banheiro privativo, chuveiro com box amplo e toalhas de banho. Além disso, também dispõem de escrivaninha, roupa de cama, ventilador e outras comodidades.
ARENA COPACABANA HOTEL;hotel;sem informação 
RESIDENCE INN BY MARRIOTT RIO DE JANEIRO BARRA DA TIJUCA;hotel;Próximo a atrativo locais como:     Olympic Park     Barra da Tijuca Beach     Recreio dos Bandeirantes Beach     Barra Shopping       Brazilian Football Museum       City of Arts       Riocentro       Shopping Metropolitano Barra       Village M
ORLA COPACABANA;hotel;Situado de frente para a Praia de Copacabana, o Orla Copacabana Hotel fica a menos de 800 metros da Praia de Ipanema e dispõe de Wi-Fi grátis, piscina na cobertura e restaurante. A propriedade tem vista panorâmica do Pão de Açúcar e do mar.Os quartos do Orla Copacabana possuem decoração moderna em cores neutras. Todos contam com ar-condicionado, TV a cabo e frigobar. Alguns têm vista panorâmica do mar.O buffet de café da manhã variado é servido diariamente (de acordo com a diária escolhida) com opções internacionais e regionais no restaurante do hotel.A propriedade possui sauna e academia com vista da praia. Você também pode desfrutar da recepção 24 horas e do serviço de quarto. A propriedade oferece Wi-Fi de 500 MB.
WYNDHAM RIO DE JANEIRO BARRA;hotel;Nossa piscina estará em obras no período de 07 de Agosto a 30 de Setembro.  De acordo com o decreto Municipal N° 49.894, DE 01.12.2021, para poder efetuar check in e utilizar as dependências do Hotel, é necessário a apresentação do comprovante de vacinação. O mesmo deverá ser apresentado na recepção do Hotel.  Wyndham Rio de Janeiro Barra é um calmo oásis no meio da agitação e atividade de uma das áreas de crescimento mais rápido do Rio de Janeiro. Nossa localização em frente ao mar oferece fácil acesso aos pontos mais importantes da cidade com uma atmosfera quente e descontraída.  Se você está a trabalho na cidade do Rio, um mergulho em nossas piscinas é o que você precisa para se desligar. Encontre-se com seus amigos e colegas com um drink refrescante no bar da piscina ou relaxe na sauna seca ou úmida, jacuzzi ou com os serviços e confortos de nosso fitness center. Após um emocionante dia, recolha-se em nossos espaçosos quartos e suítes e contemple a vista do mar da praia da Barra de sua varanda. Conecte-se com quem está longe usando nosso acesso de Internet de alta velocidade. O acesso de internet sem fio está disponível em todas as áreas sociais e apartamentos!
GRAND HYATT RIO DE JANEIRO;hotel;Com piscina ao ar livre e spa, o Grand Hyatt Rio de Janeiro oferece localização estratégica no centro da Barra da Tijuca, situado entre o mar, a lagoa e as montanhas, bem em frente à Praia da Reserva. O hotel apresenta sauna e academia com estúdio de ioga
HOTEL ATLANTICO BUSINESS;hotel;<p><b>Localização do estabelecimento</b> <br />Com localização central em Rio de Janeiro, Hotel Atlantico Business Centro fica a 3 minutos de carro de Consulado Geral dos Estados Unidos no Rio de Janeiro e a 12 minutos de Praia do Flamengo.  Este hotel fica a 6,4 km de Estádio do Maracanã e a 8,3 km de Praia de Copacabana.</p><p><b>Quartos</b> <br />Sinta-se em casa em um de nossos 209 quartos com frigobares e TVs LCD. O Wi-Fi de cortesia mantém você conectado e há programas a cabo para sua diversão. Banheiro privativo com chuveiros apresenta produtos de toalete de cortesia e secadores de cabelo. As comodidades incluem cofres para notebook e cortinas blackout. Além disso, o serviço de arrumação nos quartos é fornecido diariamente.</p><p><b>Comodidades</b> <br />Aproveite as oportunidades de recreação oferecidas, incluindo um centro de bem-estar, uma piscina externa e uma sauna seca. Este hotel oferece Wi-Fi de cortesia, serviços de concierge e TV na área comum.</p><p><b>Alimentação</b> <br />Vá ao restaurante deste hotel para saborear um delicioso almoço ou jantar. O local também serve refeições na cafeteria e oferece serviço de quarto (horário limitado). No fim do dia, relaxe com uma bebida refrescante em um bar/lounge ou um bar ao lado da piscina. Um café da manhã (buffet) de cortesia é servido diariamente, entre 6h30 e 10h00.</p>
Flat & Suítes in Rio Stay ;flat/apart hotel;<p><b>Localização do estabelecimento</b> <br />Em Rio de Janeiro (na área de Jacarepaguá), Flat & Suítes in Rio Stay fica a 15 minutos de carro de Centro de Convenções Riocentro e de Jeunesse Arena.  Este apart-hotel fica a 10,6 km de Praia do Recreio dos Bandeirantes e a 10,2 km de Lago da Tijuca.</p><p><b>Quartos</b> <br />Sinta-se em casa em um de nossos 39 quartos com ar-condicionado, geladeiras e TVs de tela plana. Wi-Fi de cortesia está disponível para manter você conectado. Os banheiros apresentam chuveiros.</p><p><b>Comodidades</b> <br />Aproveite as instalações recreativas, que incluem uma banheira de hidromassagem, uma quadra de tênis externa e uma sauna a vapor.</p><p><b>Alimentação</b> <br />Este apart-hotel oferece serviço de quarto (horário limitado). Há café da manhã (buffet) disponíve diariamente mediante uma taxa.</p>
Hotel Vina del Mar ;hotel;Localizado no centro da cidade, ao lado dos Arcos da Lapa, cartão postal do Rio de Janeiro. Estamos a 5 minutos de duas estações do Metrô (Cinelândia e Glória) e a 10 minutos do Aeroporto Santos Dumont. Em 15 minutos é possível chegar nos principais pontos turísticos do Rio de Janeiro tais como: Aterro do Flamengo, Pão de Açúcar, Corcovado, Copacabana e Maracanã. Dispomos de 81 quartos que podem ser individuais, duplos, triplos ou quádruplos. Todos os quartos possuem ar condicionado, tv lcd a cabo, frigobar, fechadura eletrônica e cofre digital. ?O Hotel Viña del Mar possui garagem interna para 80 veículos, restaurante, business center, salas para eventos e internet sem fio (wi-fi) gratuita.
Ibis Rio de Janeiro Parque Olimpico ;hotel;Ibis Rio de Janeiro Parque Olimpico está localizado em Rio de Janeiro. Conta com wi-fi grátis nas áreas comuns, serviço de manobrista e mesa de sinuca, além de recepção 24h.Você precisa saber: • Proibido fumar em todos os ambientes. A hospedagem serve diariamente o café da manhã com custo adicional, o qual se oferece no bar. Entre os serviços da propriedade encontram-se business center, jardim e elevador. Por um custo adicional, a propriedade conta com depósito de bagagem e serviço de lavanderia.
Windsor Excelsior Hotel ;hotel;Conforto e serviços únicos à beira-mar  O Windsor Excelsior Hotel tem localização privilegiada com vista panorâmica para a Praia de Copacabana, palco de grandes eventos e da maior festa de Réveillon do mundo. O bairro é conhecido pelo belo calçadão da orla, e pelas diversas opções de lazer, gastronomia e cultura.   Para hospedagens a lazer ou a trabalho, oferecemos uma experiência única com infraestrutura completa de um hotel quatro estrelas membro da rede Windsor Hoteis.  Sua localização é estratégica para quem deseja explorar as maravilhas da cidade do Rio de Janeiro, próximo a diversos terminais de transporte, como aeroportos e metrô.
Hotel Atlântico Rio ;hotel;Situado a 500 m da famosa e badalada Praia de Copacabana, no Rio de Janeiro, o Hotel Atlântico Rio 4 estrelas dispõe de piscina ao ar livre e oferece café da manhã diário gratuito. A propriedade fica a 5 minutos a pé da Estação de Metrô do Cantagalo e a 10 minutos de caminhada da Lagoa Rodrigo de Freitas. O hotel possui restaurante e uma localização privilegiada; além disso, você vai encontrar vários lugares onde poderá almoçar e jantar, a cerca de 2 minutos a pé do local. Todos os quartos têm decoração contemporânea e dispõem de ar-condicionado, TV de tela plana a cabo de 32" e frigobar. O serviço de quarto também está à sua disposição. As comodidades do hotel ainda incluem um bar, que serve bebidas especiais e coquetéis. O Hotel Atlântico Rio fica a 8 km do Pão de Açúcar, a 2,5 km da Praia de Ipanema e a 14 km do Estádio do Maracanã. O Forte de Copacabana fica a 1,8 km de distância. O Aeroporto Santos Dumont está a 11,5 km de distância, e o Aeroporto Internacional do Galeão fica a 26 km do local. Copacabana é uma ótima escolha para viajantes interessados em caminhadas na praia, passeios e paisagens. 01 criança Free até 08 anos no mesmo apartamento acomodada na cama com os pais. 
LSH Lifestyle Hotel ;hotel;Luxo como estilo de vida.  Localizado de frente para a praia da Barra da Tijuca, próxima à mundialmente famosa praia do Pepê, o LSH Hotel foi inaugurado em 2016 e é um dos mais luxuosos hotéis do Rio de Janeiro. Aproveite uma decoração moderna e um design fruto do trabalho de alguns dos mais renomados arquitetos do mundo, em quartos revestidos com o mais rico e exótico mármore turco, marcenaria italiana, torneiras importadas, revigorantes chuveiros rainshower e móveis com design exclusivo do hotel. Todas as habitações possuem uma espaçosa varanda privativa, muitas das quais com espetaculares vistas para o mar e para as montanhas, além de TV de LED de 50 polegadas, WiFi gratuito, macios lençóis de 300 fios de algodão, roupões de banho, chinelos e toiletries L'Occitane. Os hóspedes que procuram algo ainda mais exuberante, podem perder o fôlego nas piscinas particulares de nossas suítes de até 400 m2 com, salas, áreas de estar e vista frontal para o mar.  A piscina, debruçada no Oceano Atlântico, com borda infinita e fundo de vidro, é o lugar ideal para relaxar em uma das nossas cabanas privadas ou aproveitar uma bebida enquanto curte o espetacular por do sol no bar. Se preferir, também pode aproveitar o clima descontraído em nosso icônico bar no lobby.   Nos arredores, à distância de poucos passos, toda a rica diversidade do polo gastronômico e da vida noturna do Jardim Oceânico estão à sua disposição, com uma infinidade de bares, restaurantes e clubs. Ou se preferir, saboreie dentro do hotel a culinária do Esplanada Grill, a mais premiada casa de carnes do Rio de Janeiro, que também assina nosso serviço de quarto.  A um raio de 15 minutos de carro está o mais luxuoso centro de compras do Rio de Janeiro (Village Mall), além de casas de espetáculo, arenas de shows e esportivas, dois campos de Golf e tudo que o Rio de Janeiro tem a oferecer. Você também está a 10 minutos de caminhada da Estação de Metrô da Barra da Tijuca.  A espaçosa área de eventos do hotel, com 4 salões ricamente acabados e com capacidade total de 560 pessoas tornam o hotel ideal para eventos especiais de todos os tamanhos... 
VELINN Reserva Copacabana ;hotel;Situado no Rio de Janeiro, a 400 metros da Praia de Copacabana e a 5 km da Lagoa Rodrigo de Freitas, o VELINN Reserva Copacabana oferece acomodações com Wi-Fi gratuito, ar-condicionado, bar e lounge compartilhado. Há um banheiro privativo totalmente equipado com chuveiro e secador de cabelo. Para sua comodidade, um café da manhã continental é servido diariamente. Há uma churrasqueira e um terraço na propriedade, e você pode fazer trilhas nas proximidades. O VELINN Reserva Copacabana fica a 6 km do Jardim Botânico do Rio de Janeiro e a 8 km do Pão de Açúcar. O Aeroporto Santos Dumont é o mais próximo, situado a 8 km da acomodação, que pode providenciar serviço de transfer (aeroporto) por um custo adicional. 
CLH Suites Copacabana Domingos Ferreira ;flat/apart hotel;Viva o Rio com a melhor energia. Suites super confortáveis 100 equipadas com camas, banheiro privativo, ar condicionado e Wi-fi. Excelente qualidade pelo melhor preço em uma localização sem igual: a tão somente uma quadra da praia mais famosa do mundo! Aproveite um deliciosa café-da-manhã caseiro e saia pra passear pelo calçadão. Nossa equipe de profissionais está pronto e ansioso pra brindar-lhe uma estadia maravilhosa. O que você está esperando. Venha aproveitar Copacabana conosco.
Hotel Atlantico Praia ;hotel;<p><b>Localização do estabelecimento</b> <br />Em Rio de Janeiro (na área de Copacabana), Hotel Atlantico Praia está a 5 minutos de carro de Shopping Rio Sul e de Pão de Açúcar.  Este hotel na praia fica a 3,6 km de Praia Vermelha e a 4,1 km de Mirante do Pasmado.</p><p><b>Quartos</b> <br />Sinta-se em casa em um de nossos 111 quartos com ar-condicionado, frigobares e TVs LCD. Wi-Fi de cortesia está disponível para manter você conectado. Banheiro privativo com chuveiros apresenta produtos de toalete de cortesia e secadores de cabelo. As comodidades incluem cofres e escrivaninhas. Além disso, o serviço de arrumação nos quartos é fornecido diariamente.</p><p><b>Comodidades</b> <br />Aproveite as comodidades recreativas, como uma piscina externa, ou aprecie a vista em um jardim. Este hotel oferece comodidades adicionais, como Wi-Fi de cortesia e serviços de concierge.</p><p><b>Alimentação</b> <br />Saboreie uma deliciosa refeição no um restaurante ou hospede-se no local e aproveite o serviço de quarto (horário limitado) deste hotel. Feche o fia com uma bebida refrescante em um bar/lounge. Um café da manhã (buffet) de cortesia é servido diariamente, entre 6h00 e 10h00.</p>
DiRoma Internacional Resort - BVTUR ;resort;Conforto e tranquilidade é o que lhe espera no diRoma International Resort. Um condomínio de lazer localizado na maior estância hidrotermal do mundo. Um complexo para o seu lazer e de sua família. Apartamentos com TV, frigobar, telefone, ar condicionado, som ambiente, varanda e demais complementos para todo o requinte e conforto de nossos hóspedes.  . Gastronomia Ambientes confortáveis, além de um atendimento que dá gosto, e o melhor da cozinha nacional esperando por você no coração do Brasil. Bom apetite!  . Esporte e Recreação Nosso Hotel conta com uma programação de lazer voltada para todas as idades. Caminhadas, hidroginástica, recreação infantil, jogos e muito mais.  . Sala para Eventos Nosso hotel oferece excelente espaço para realização de seu evento. Uma sala com capacidade para auditório. 
Praias do Lago Eco Resort ;resort;A sua praia exclusiva em Caldas Novas! No Praias do Lago Eco Resort, você e sua família têm tudo que precisam em um só lugar. O mais novo resort de Caldas Novas conta com uma estrutura sem igual com complexo de lojas, centro gastronômico, piscinas termais, ofurôs, academia, brinquedoteca, cinema, parque aquático infantil, equipe de lazer para todas as idades e muito mais! Tudo isso em meio à natureza exuberante às margens do Lago Corumbá. Um pedaço do litoral no paraiso das  águas quentes em Goiás entrega um mar de diversão para toda família.
Privé Alta Vista Thermas Resort ;resort;O condomínio Alta Vista Thermas Resort é composto por cinco torres de seis pavimentos cada, estacionamento coberto, áreas comerciais, de lazer e comuns. O empreendimento é dotado de 221 apartamentos com ar condicionado nos quartos e sala, sendo 53 apartamentos de um quarto, composto por uma cama de casal no quarto e um sofá-cama na sala e 168 de dois quartos composto por uma suíte com cama de casal, um quarto com duas camas de solteiro e um sofá-cama na sala.  Seu parque aquático possui 4 piscinas de água termal para adultos, sendo 1 coberta; 1 piscina de água termal infantil; 1 de água fria adulto. Conta ainda com: 3 ofurôs, sauna, academia, salão de jogos, cineminha, brinquedoteca, quadra de esportes e playground seco/molhado. Além de restaurante, bar e loja de conveniência/souvenirs.   *Recreação é para crianças de 03 a 17 anos, sendo que de 03 a 07 anos é obrigatório a presença de um responsável , e a partir de 07 anos livre, com a autorização do responsável.*.
Apartment diRoma Resort - Achei Férias ;resort;<p><b>Localização do estabelecimento</b> <br />Em Caldas Novas, este apart-hotel fica a cerca de 10 minutos de carro de SESC (Serviço Social do Comércio) e de Jardim Japonês.  Este apart-hotel para famílias fica a 24,7 km de Hot Parque e a 1,5 km de Monumento das Águas Quentes.</p><p><b>Quartos</b> <br />Este apart-hotel com ar-condicionado, cozinhas, geladeiras e cooktops tem tudo para deixar você confortável. Disponibilizamos Wi-Fi de cortesia para mantê-lo conectado. As comodidades incluem micro-ondas e o serviço de arrumação nos quartos é oferecido uma vez por estadia.</p><p><b>Comodidades</b> <br />Relaxe em uma das 6 piscinas externas ou 3 banheiras de hidromassagem e aproveite outras instalações recreativas, incluindo um toboágua. Este apart-hotel também oferece Wi-Fi de cortesia e sala de jogos.</p><p><b>Alimentação</b> <br />Este apart-hotel oferece aos hóspedes deliciosas opções de refeição no um restaurante ou na lanchonete/delicatessen.</p>
Plaza Inn Small Town Flat ;hotel;Com localização central em São Paulo, o Plaza Inn Small Town Flat fica a 10 minutos de carro do Expo Center Norte e da Igreja Mundial do Poder de Deus. Este apart-hotel está a 9,2 km da Avenida Paulista e a 9,9 km do Allianz Parque. Sinta-se em casa em um dos nossos 104 quartos com ar-condicionado e cozinhas americanas. As TVs LCD com programas digitais garantem sua diversão, enquanto o Wi-Fi de cortesia mantém você conectado. As comodidades incluem cofres e salas de estar separadas. Além disso, o serviço de arrumação nos quartos é fornecido diariamente. Aproveite as instalações recreativas, que incluem uma piscina externa, uma quadra de tênis externa e uma sauna seca. Experimente as deliciosas opções de almoço ou jantar no Terraço Sunset, o restaurante deste apart-hotel, ou hospede-se no local e aproveite o serviço de quarto (horário limitado). Feche o dia com uma bebida refrescante em um bar/lounge. Um café da manhã (buffet) de cortesia é servido diariamente, entre 7h00 e 10h00.
PORTOBELLO PRAIA  RESORT- PORTO SEGURO;resort;Com excepcional localização, frente ao mar na Praia de Taperapuã, à 6,5 Km do centro e 07 km do aeroporto, pode-se desfrutar da beleza natural da praia durante o dia e toda a badalação da orla à noite.  
Resort La Torre ;resort;LA TORRE RESORT EM PORTO SEGURO ONDE CONFORTO E SERVICOS EXCEPCIONAIS SAO OS NOSSOS COMPROMISSOS. O LA TORRE RESORT ESTA LOCALIZADO EM PORTO SEGURO EM UMA DAS MAIS BELAS FAIXAS DE PRAIAS QUE O BRASIL TEM PARA OFERECER. CADA APARTAMENTO DO LA TORRE RESORT ESTA HARMONICAMENTE PROJETADO PARA EXPRESSAR NOSSO COMPROMISSO PESSOAL DE OFERECER TOTAL CONFORTO PARA OS NOSSOS HOSPEDES DURANTE A ESTADA EM NOSSO HOTEL. 
Ondas Praia Resort ;resort;Somos o Ondas por um motivo: o natural nos pertence. Como o Brasil, também somos casas de um verde exuberante, árvores típicas e temos uma relação intima com o mar. Somos cercados por ele e ficamos a metros da areia da praia. Ainda temos programações de pura diversão para você e sua família, adultos e crianças. Isso tudo banhado pelo delicioso sol baiano e animado por nossos recreadores incansáveis. O empreendimento beira-mar compreende 32000 metros quadrados de área. O hotel também conta com uma estrutura dotada de 484 quartos com 44,5 metros quadrados, a fim de comportar famílias inteiras confortavelmente em regime de diversão total e ininterrupta.  Este hotel tem protocolo especial COVID 19 e é obrigatório o web check-in antecipado. Acesse a página https://wamcleansafe.ondasresort.com.br/ que garantirá a diversão de sempre, mas com segurança redobrada.
CHARLIE NUN ITAIM;não classificado;
Novotel SP Jardins ;hotel;O Novotel SP Jardins conta com uma ótima localização, a 1km da Avenida Paulista, ficando próximo à rua Oscar Freire, ao Museu de Arte de São Paulo (MASP) e com fácil acesso ao Aeroporto de Congonhas. O hotel, situado no bairro Jardins, em São Paulo, além de facilidades como internet wireless e salas de reuniões, conta com academia, piscina e sauna.
Barra Resort - Praia, Piscina e Conforto;resort;Ola!Apartamento de Temporada, exclusivo, fechadura eletrônica, garagem, piscina, até 5 pessoas. TV a cabo, Wi-Fi, ar condicionado, completo, pertinho da praia! Fica na Avenida Lucio Costa, Copacabana, perto de transportes, comércios e serviços. A região é muito charmosa, bem frequentada e com muitas lojas e lugares interessantes para comer e visitar!A cada 7 dias trocamos roupas de cama e banho, basta pedir, ok?Conte conosco para planejar sua viagem, dicas, bilhetes e lavanderia.Sua reserva é exclusiva, para o uso de toda a acomodação, até a capacidade informada de pessoas. Convidados são bem-vindos!A hospedagem é completa, possui todas as funcionalidades de uma casa normal, toda pensada para lhe atender com conforto e segurança!Detalhadamente:Banheiro: Secador de cabelo, Ducha higiênica, Água quente a gás.Acomodação: Cama Queen, Colchão de solteiro, roupas de cama e banho, ar condicionado, TV com canais abertos e IPTV, ventilador, cortina com blackout, ferro de passar, secador de cabelo, guarda-roupa, cabides, sofá, blackout na cortina, cozinha com equipamentos e utensílios completos, fechadura eletrônica na entrada, varanda, closet.Dois destaques da sua hospedagem são o aconchego e silêncio que ele oferece, ao mesmo tempo dentro e fora da cidade. Pertinho da praia, muita gente leva seus pets e crianças para correr e brincar, enquanto desaceleram da correria do dia a dia.IMPORTANTE: podemos te ajudar com tickets, transfer, câmbio, lavanderia. Avise, caso deseje economizar tempo, podemos deixar o máximo de coisas adiantadas.Nosso apartamento no condomínio Ocean Drive é o que você precisa para se sentir muito especial! Localizado em um dos melhores pontos da Barra da Tijuca, é um apartamento quarto e sala, cozinha completa e atende perfeitamente até 4 pessoas! Sua hospedagem possui 1 cama de casal, 1 sofá cama, TV a cabo, Wi-Fi, ar condicionado, itens de casa e água quente.Você se hospedará a pouquíssimos metros da praia, terá todos os comércios locais que precisar farmácias, mercados, lojinhas! Isso sem contar os principais transportes da cidade: táxi, uber, ônibus e metrô. No bairro você está perto de ótimos restaurantes, lindas vistas, em frente a praia e com opções de transportes e comércios. Prédio residencial, seguro e aconchegante; ideal para famílias e grupo de amigos que vêm relaxar e curtir um pouco!Durante sua estadia, a cada 7 dias trocamos roupas de cama e banho, pedimos apenas que nos avise 1 dia antes de desejar a troca.O Check-in é feito remotamente, com senha ou chave, conforme a disponibilidade local.No dia da sua chegada, às 13h, enviaremos as instruções. É importante que você tenha Wi-fi para recebê-las, ok? Avise o quanto antes caso você precise de algo diferente.Os hóspedes precisam ser identificados, para segurança de todos, daí, quando faltar 2 dias para sua chegada, reforçaremos o pedido de foto dos documentos. Não se preocupe, seus dados serão protegidos, à luz da LGPD.Temos arrumadeira que pode trabalhar no asseio durante sua estadia, mantendo a casa sempre arrumada, a um custo acessível, avise nos se desejar ou precisar!Adoramos ajudar! Se precisar planejar sua viagem, tirar dúvidas, pode escrever!Toda comunicação é exclusivamente pelo site da sua reserva, de domingo a domingo, de 08:00 as 20:00. É importante focarmos, para segurança e rapidez, ok?Conte conosco para urgências ou emergências, pois sabemos que fora de casa, toda ajuda é bem-vinda!Barra da Tijuca é um bairro que funciona 24h e é muito charmoso!Você se hospedará a poucos metros de uma das praias mais conhecidas do mundo, terá todos os comércios locais que precisar farmácias, mercados, lojinhas, feira livre, isso sem contar os principais transportes da cidade: táxi, uber, ônibus e metrô. Dos aeroportos até aqui são cerca de 20 min do SDU e 50 min do GIG.No entorno há restaurantes desde baratos a charmosos, além de mercados, farmácias, lojas e tudo o que você possa precisar de um bairro comum, praticamente 24h por dia.Conte conosco para o que precisar de bilhetes ou tirar dúvidas sobre a cidade!Diariamente: metrô, ônibus e táxis para entrar e sair da cidade.Apps importantes:Uber, 99 e Taxi Rio: para transporte privativo.Moovit: para rotas de ônibus, metrô e trens;Melhores opções de transporte: a pé, metrô, trens e coletivos, a cidade é muito engarrafada.Aeroporto ou porto: Táxi ou Uber.Se você preferir, a gente te busca no aeroporto, porto ou rodoviária. Usamos carro sedan médio.SDU, Porto ou Rodoviária: R$ 120.GIG: R$ 150Cabo Frio e Búzios: R$ 600Angra e ilha Grande: R$ 800Solicite com pelo menos 2 dias de antecedência.
Life Residence ;hotel;Apart-Hotel no coração de Belo Horizonte com as melhores comodidades! Quartos com cozinha e sala, espaços para hóspede com piscina, spa, área gourmet e uma equipe bilíngue para melhor atende-los!
Chalés do Beto em Macacos;não classificado;\0
San Diego Apart- Hotel;hotel;\0
BH PARA 2 - ORLA DA PAMPULHA - Apartamento particular;não classificado;\0
Pousada Vila da Serra - Quarto do Amor;pousada;\0
EXECUTIVE SUITE 106a VILA OLIMPIA;hotel;\0
